NAME,state,Estimate!!Total!!Female!!Under 6 years,Estimate!!Total!!Female!!Under 6 years!!With health insurance coverage,Estimate!!Total!!Female,Estimate!!Total!!Male!!55 to 64 years!!No health insurance coverage,Estimate!!Total!!Male!!65 to 74 years,Estimate!!Total!!Male!!55 to 64 years,Estimate!!Total!!Male!!55 to 64 years!!With health insurance coverage,Estimate!!Total!!Male!!75 years and over,Estimate!!Total!!Male!!75 years and over!!With health insurance coverage,Estimate!!Total!!Male!!65 to 74 years!!With health insurance coverage,Estimate!!Total!!Male!!65 to 74 years!!No health insurance coverage,Estimate!!Total!!Male!!75 years and over!!No health insurance coverage,Estimate!!Total!!Female!!26 to 34 years,Estimate!!Total!!Female!!35 to 44 years,Estimate!!Total!!Female!!35 to 44 years!!With health insurance coverage,Estimate!!Total!!Female!!26 to 34 years!!With health insurance coverage,Estimate!!Total!!Female!!26 to 34 years!!No health insurance coverage,Estimate!!Total!!Female!!6 to 18 years!!With health insurance coverage,Estimate!!Total!!Female!!6 to 18 years!!No health insurance coverage,Estimate!!Total!!Female!!Under 6 years!!No health insurance coverage,Estimate!!Total!!Female!!6 to 18 years,Estimate!!Total!!Female!!19 to 25 years!!No health insurance coverage,Estimate!!Total!!Female!!19 to 25 years,Estimate!!Total!!Female!!19 to 25 years!!With health insurance coverage,Estimate!!Total!!Female!!55 to 64 years!!No health insurance coverage,Estimate!!Total!!Female!!65 to 74 years,Estimate!!Total!!Female!!55 to 64 years!!With health insurance coverage,Estimate!!Total!!Female!!75 years and over,Estimate!!Total!!Female!!75 years and over!!With health insurance coverage,Estimate!!Total!!Female!!65 to 74 years!!With health insurance coverage,Estimate!!Total!!Female!!65 to 74 years!!No health insurance coverage,Estimate!!Total!!Female!!45 to 54 years!!With health insurance coverage,Estimate!!Total!!Female!!45 to 54 years!!No health insurance coverage,Estimate!!Total!!Female!!35 to 44 years!!No health insurance coverage,Estimate!!Total!!Female!!45 to 54 years,Estimate!!Total!!Female!!55 to 64 years,Estimate!!Total!!Female!!75 years and over!!No health insurance coverage,Estimate!!Total!!Male!!Under 6 years,Estimate!!Total!!Male!!Under 6 years!!With health insurance coverage,Estimate!!Total,Estimate!!Total!!Male,Estimate!!Total!!Male!!6 to 18 years!!With health insurance coverage,Estimate!!Total!!Male!!6 to 18 years!!No health insurance coverage,Estimate!!Total!!Male!!Under 6 years!!No health insurance coverage,Estimate!!Total!!Male!!6 to 18 years,Estimate!!Total!!Male!!19 to 25 years,Estimate!!Total!!Male!!45 to 54 years!!No health insurance coverage,Estimate!!Total!!Male!!19 to 25 years!!No health insurance coverage,Estimate!!Total!!Male!!26 to 34 years,Estimate!!Total!!Male!!19 to 25 years!!With health insurance coverage,Estimate!!Total!!Male!!35 to 44 years,Estimate!!Total!!Male!!35 to 44 years!!With health insurance coverage,Estimate!!Total!!Male!!26 to 34 years!!With health insurance coverage,Estimate!!Total!!Male!!26 to 34 years!!No health insurance coverage,Estimate!!Total!!Male!!45 to 54 years!!With health insurance coverage,Estimate!!Total!!Male!!35 to 44 years!!No health insurance coverage,Estimate!!Total!!Male!!45 to 54 years
Minnesota,27,205046.0,198639.0,2750912.0,15139.0,224335.0,362488.0,347349.0,139624.0,139304.0,223711.0,624.0,320.0,333770.0,337159.0,318518.0,312296.0,21474.0,446245.0,16535.0,6407.0,462780.0,14072.0,244224.0,230152.0,13105.0,241802.0,358063.0,194087.0,193423.0,241050.0,752.0,345453.0,15423.0,18641.0,360876.0,371168.0,664.0,217499.0,210948.0,5469389.0,2718477.0,461899.0,18296.0,6551.0,480195.0,250612.0,20183.0,23977.0,340724.0,226635.0,342515.0,316191.0,304447.0,36277.0,340302.0,26324.0,360485.0
Mississippi,28,111845.0,107787.0,1523423.0,20966.0,120727.0,175972.0,155006.0,69014.0,68896.0,120120.0,607.0,118.0,175072.0,189016.0,155744.0,140001.0,35071.0,247820.0,14337.0,4058.0,262157.0,33793.0,145504.0,111711.0,22962.0,141102.0,175063.0,105423.0,105171.0,140439.0,663.0,163676.0,31603.0,33272.0,195279.0,198025.0,252.0,114525.0,110075.0,2922647.0,1399224.0,260194.0,15018.0,4450.0,275212.0,142743.0,30806.0,40783.0,155565.0,101960.0,169912.0,132611.0,111268.0,44297.0,144748.0,37301.0,175554.0
Missouri,29,216826.0,205077.0,3062934.0,33694.0,257914.0,386060.0,352366.0,160452.0,160078.0,256341.0,1573.0,374.0,360231.0,366247.0,319155.0,302766.0,57465.0,465196.0,30789.0,11749.0,495985.0,44848.0,282207.0,237359.0,36295.0,295334.0,381506.0,230234.0,229482.0,293716.0,1618.0,354070.0,43999.0,47092.0,398069.0,417801.0,752.0,228130.0,216629.0,5976738.0,2913804.0,487857.0,31201.0,11501.0,519058.0,283341.0,47581.0,55862.0,346029.0,227479.0,353352.0,298718.0,276054.0,69975.0,331887.0,54634.0,379468.0
Montana,30,35956.0,33826.0,512403.0,7998.0,54566.0,73583.0,65585.0,31737.0,31705.0,54296.0,270.0,32.0,58372.0,58504.0,51224.0,49568.0,8804.0,75301.0,5599.0,2130.0,80900.0,7199.0,46008.0,38809.0,8200.0,54159.0,68892.0,38653.0,38500.0,53984.0,175.0,55034.0,7725.0,7280.0,62759.0,77092.0,153.0,38589.0,36707.0,1026586.0,514183.0,77999.0,6766.0,1882.0,84765.0,50000.0,8309.0,10285.0,58578.0,39715.0,60413.0,50654.0,46234.0,12344.0,53643.0,9759.0,61952.0
Nebraska,31,77083.0,73807.0,943401.0,8704.0,75307.0,117342.0,108638.0,48445.0,48357.0,74753.0,554.0,88.0,110326.0,113784.0,100227.0,94987.0,15339.0,155779.0,8880.0,3276.0,164659.0,12680.0,92540.0,79860.0,8451.0,82070.0,112913.0,68344.0,68188.0,81659.0,411.0,103373.0,9858.0,13557.0,113231.0,121364.0,156.0,81044.0,77390.0,1875468.0,932067.0,164852.0,9838.0,3654.0,174690.0,93554.0,12204.0,14784.0,112474.0,78770.0,115502.0,99305.0,93274.0,19200.0,101505.0,16197.0,113709.0
Nevada,32,105608.0,98854.0,1448444.0,18008.0,130959.0,175033.0,157025.0,74485.0,73524.0,129019.0,1940.0,961.0,184156.0,191716.0,160133.0,152378.0,31778.0,219653.0,20547.0,6754.0,240200.0,20099.0,125392.0,105293.0,17917.0,140557.0,164838.0,87718.0,86437.0,137742.0,2815.0,165069.0,25273.0,31583.0,190342.0,182755.0,1281.0,112395.0,105593.0,2887475.0,1439031.0,227192.0,21573.0,6802.0,248765.0,126608.0,29447.0,26981.0,185611.0,99627.0,190986.0,154136.0,142116.0,43495.0,164742.0,36850.0,194189.0
New Hampshire,33,37924.0,37030.0,671806.0,6907.0,64706.0,100806.0,93899.0,36281.0,36245.0,64541.0,165.0,36.0,69939.0,78032.0,72060.0,62481.0,7458.0,97035.0,3463.0,894.0,100498.0,5907.0,61216.0,55309.0,6468.0,69324.0,97996.0,49093.0,48988.0,68934.0,390.0,93971.0,7345.0,5972.0,101316.0,104464.0,105.0,40199.0,38875.0,1326243.0,654437.0,100888.0,2658.0,1324.0,103546.0,63146.0,9117.0,8857.0,71503.0,54289.0,75687.0,67932.0,60050.0,11453.0,89446.0,7755.0,98563.0
New Jersey,34,307463.0,297620.0,4511395.0,42145.0,349075.0,564880.0,522735.0,226748.0,224909.0,344401.0,4674.0,1839.0,500837.0,576398.0,509512.0,431523.0,69314.0,680417.0,31596.0,9843.0,712013.0,45374.0,381438.0,336064.0,43449.0,414261.0,569662.0,347580.0,344692.0,407926.0,6335.0,598788.0,59506.0,66886.0,658294.0,613111.0,2888.0,319693.0,310557.0,8776839.0,4265444.0,709975.0,32597.0,9136.0,742572.0,391869.0,67189.0,60255.0,498527.0,331614.0,553679.0,467487.0,394700.0,103827.0,551212.0,86192.0,618401.0
New Mexico,35,75701.0,72434.0,1049372.0,14432.0,95018.0,128357.0,113925.0,58599.0,58364.0,93919.0,1099.0,235.0,120540.0,122403.0,102795.0,102023.0,18517.0,169476.0,11638.0,3267.0,181114.0,14505.0,96191.0,81686.0,12632.0,106237.0,129562.0,76438.0,75807.0,104478.0,1759.0,112311.0,16243.0,19608.0,128554.0,142194.0,631.0,78659.0,75648.0,2057526.0,1008154.0,174905.0,12176.0,3011.0,187081.0,101251.0,18192.0,22227.0,120319.0,79024.0,118400.0,95624.0,92857.0,27462.0,102278.0,22776.0,120470.0
New York,36,673424.0,657392.0,10015726.0,72808.0,773617.0,1207958.0,1135150.0,502991.0,500854.0,765234.0,8383.0,2137.0,1276473.0,1241549.0,1138091.0,1148692.0,127781.0,1437051.0,40970.0,16032.0,1478021.0,73290.0,950182.0,876892.0,63977.0,923712.0,1262571.0,773226.0,769181.0,914419.0,9293.0,1282283.0,90308.0,103458.0,1372591.0,1326548.0,4045.0,709816.0,691802.0,19378618.0,9362892.0,1483443.0,43883.0,18014.0,1527326.0,941971.0,117190.0,106762.0,1241239.0,835209.0,1178894.0,1024899.0,1038397.0,202842.0,1161890.0,153995.0,1279080.0
North Carolina,37,356766.0,344428.0,5165798.0,60696.0,429598.0,606203.0,545507.0,242095.0,241277.0,426916.0,2682.0,818.0,599789.0,662211.0,555771.0,490247.0,109542.0,790777.0,45496.0,12338.0,836273.0,76392.0,469029.0,392637.0,64700.0,502580.0,614949.0,356134.0,354688.0,499436.0,3144.0,612797.0,90570.0,106440.0,703367.0,679649.0,1446.0,368715.0,355845.0,9952031.0,4786233.0,819780.0,50449.0,12870.0,870229.0,456321.0,100436.0,98211.0,548775.0,358110.0,608062.0,483976.0,408372.0,140403.0,555799.0,124086.0,656235.0
North Dakota,38,31068.0,29261.0,360097.0,3000.0,28826.0,47961.0,44961.0,19149.0,19113.0,28690.0,136.0,36.0,45373.0,40219.0,37130.0,40378.0,4995.0,53612.0,4238.0,1807.0,57850.0,4315.0,41606.0,37291.0,2177.0,29242.0,44123.0,26655.0,26625.0,29128.0,114.0,38798.0,2986.0,3089.0,41784.0,46300.0,30.0,31867.0,29408.0,736241.0,376144.0,58230.0,4786.0,2459.0,63016.0,44437.0,3868.0,4908.0,53343.0,39529.0,44008.0,39537.0,46273.0,7070.0,39669.0,4471.0,43537.0
Ohio,39,406053.0,388876.0,5871445.0,47432.0,496616.0,764961.0,717529.0,308026.0,306724.0,493604.0,3012.0,1302.0,666341.0,697286.0,646577.0,607291.0,59050.0,907792.0,42320.0,17177.0,950112.0,46870.0,531523.0,484653.0,47351.0,568293.0,772906.0,451136.0,449708.0,565148.0,3145.0,727219.0,53225.0,50709.0,780444.0,820257.0,1428.0,424014.0,405912.0,11468700.0,5597255.0,947208.0,45357.0,18102.0,992565.0,540022.0,62491.0,70325.0,651456.0,469697.0,672968.0,598338.0,552123.0,99333.0,684136.0,74630.0,746627.0
Oklahoma,40,154986.0,145007.0,1955247.0,31337.0,157089.0,229948.0,198611.0,97781.0,97570.0,155821.0,1268.0,211.0,236927.0,237319.0,189557.0,184735.0,52192.0,309140.0,29890.0,9979.0,339030.0,42682.0,183682.0,141000.0,33725.0,179043.0,215869.0,136997.0,136373.0,177899.0,1144.0,196154.0,41515.0,47762.0,237669.0,249594.0,624.0,162547.0,152421.0,3837568.0,1882321.0,322165.0,32104.0,10126.0,354269.0,188703.0,44343.0,51383.0,231662.0,137320.0,230516.0,179705.0,167188.0,64474.0,185463.0,50811.0,229806.0
Oregon,41,135251.0,131008.0,2048577.0,18465.0,194350.0,258984.0,240519.0,112968.0,112657.0,193175.0,1175.0,311.0,255070.0,264901.0,240835.0,226398.0,28672.0,300387.0,12958.0,4243.0,313345.0,17917.0,177803.0,159886.0,17093.0,214327.0,264098.0,150539.0,149993.0,213050.0,1277.0,234741.0,21409.0,24066.0,256150.0,281191.0,546.0,142226.0,137295.0,4042073.0,1993496.0,312864.0,13574.0,4931.0,326438.0,185641.0,24697.0,26307.0,254028.0,159334.0,266341.0,233014.0,211306.0,42722.0,227823.0,33327.0,252520.0
Pennsylvania,42,414766.0,395125.0,6458898.0,47185.0,569837.0,861004.0,813819.0,372242.0,371269.0,566836.0,3001.0,973.0,730829.0,747007.0,690454.0,661713.0,69116.0,936552.0,42520.0,19641.0,979072.0,51089.0,583552.0,532463.0,44231.0,650210.0,876036.0,558267.0,556314.0,646976.0,3234.0,820423.0,54505.0,56553.0,874928.0,920267.0,1953.0,435318.0,414894.0,12587979.0,6129081.0,973248.0,45301.0,20424.0,1018549.0,587386.0,66535.0,72913.0,727889.0,514473.0,720748.0,642741.0,619446.0,108443.0,769573.0,78007.0,836108.0
Rhode Island,44,31753.0,31151.0,536763.0,2828.0,44605.0,69201.0,66373.0,27871.0,27781.0,44491.0,114.0,90.0,61593.0,62104.0,58514.0,56764.0,4829.0,75845.0,2524.0,602.0,78369.0,3763.0,57184.0,53421.0,2438.0,50928.0,73238.0,43734.0,43666.0,50541.0,387.0,71859.0,3563.0,3590.0,75422.0,75676.0,68.0,34184.0,33119.0,1040879.0,504116.0,78759.0,1930.0,1065.0,80689.0,55694.0,4765.0,6479.0,62139.0,49215.0,59649.0,53385.0,53169.0,8970.0,65319.0,6264.0,70084.0
South Carolina,45,170544.0,163826.0,2527081.0,32635.0,234215.0,303194.0,270559.0,126924.0,126604.0,233085.0,1130.0,320.0,291336.0,307659.0,260103.0,240093.0,51243.0,379691.0,19818.0,6718.0,399509.0,38723.0,225594.0,186871.0,35354.0,271628.0,312281.0,178788.0,178410.0,270449.0,1179.0,289716.0,44672.0,47556.0,334388.0,347635.0,378.0,178229.0,171605.0,4858485.0,2331404.0,389436.0,21423.0,6624.0,410859.0,225907.0,48046.0,49723.0,266743.0,176184.0,280743.0,222554.0,195250.0,71493.0,256544.0,58189.0,304590.0
South Dakota,46,35491.0,33496.0,421916.0,5312.0,37607.0,56779.0,51467.0,22835.0,22812.0,37459.0,148.0,23.0,48231.0,47806.0,42354.0,40913.0,7318.0,68502.0,4547.0,1995.0,73049.0,6181.0,40549.0,34368.0,4306.0,38078.0,52876.0,31753.0,31699.0,37875.0,203.0,44746.0,5031.0,5452.0,49777.0,57182.0,54.0,37117.0,35266.0,846821.0,424905.0,72688.0,4799.0,1851.0,77487.0,41572.0,6213.0,8762.0,51101.0,32810.0,49842.0,42938.0,40711.0,10390.0,44352.0,6904.0,50565.0
Tennessee,47,236283.0,228307.0,3376775.0,41053.0,288899.0,406294.0,365241.0,162897.0,162546.0,287060.0,1839.0,351.0,399876.0,422141.0,366943.0,342403.0,57473.0,512485.0,25776.0,7976.0,538261.0,43609.0,310735.0,267126.0,42687.0,329832.0,408521.0,235004.0,234143.0,328196.0,1636.0,395744.0,57691.0,55198.0,453435.0,451208.0,861.0,246897.0,237448.0,6547663.0,3170888.0,533282.0,28821.0,9449.0,562103.0,305992.0,64794.0,59906.0,373405.0,246086.0,397974.0,323646.0,285981.0,87424.0,361633.0,74328.0,426427.0
Texas,48,1169209.0,1077593.0,13930304.0,217096.0,921859.0,1476682.0,1259586.0,531780.0,525256.0,903328.0,18531.0,6524.0,1791685.0,1872577.0,1422699.0,1314585.0,477100.0,2289308.0,308325.0,91616.0,2597633.0,376442.0,1342972.0,966530.0,234240.0,1054868.0,1358493.0,744761.0,732581.0,1030623.0,24245.0,1420367.0,343499.0,449878.0,1763866.0,1592733.0,12180.0,1220322.0,1129078.0,27417645.0,13487341.0,2377633.0,323345.0,91244.0,2700978.0,1368642.0,352110.0,427500.0,1768869.0,941142.0,1807080.0,1336364.0,1228563.0,540306.0,1339019.0,470716.0,1691129.0
Utah,49,149189.0,139521.0,1505956.0,12282.0,90182.0,140853.0,128571.0,56341.0,56055.0,89277.0,905.0,286.0,198056.0,200981.0,175232.0,169977.0,28079.0,295629.0,25070.0,9668.0,320699.0,20490.0,166445.0,145955.0,12532.0,98749.0,133709.0,70828.0,70246.0,97445.0,1304.0,137249.0,17519.0,25749.0,154768.0,146241.0,582.0,154298.0,144859.0,3019579.0,1513623.0,314444.0,27505.0,9439.0,341949.0,170468.0,19854.0,25123.0,199536.0,145345.0,204937.0,174706.0,164393.0,35143.0,135205.0,30231.0,155059.0
Vermont,50,17323.0,17033.0,314321.0,1783.0,32709.0,46576.0,44793.0,17866.0,17843.0,32643.0,66.0,23.0,33127.0,35737.0,34246.0,30921.0,2206.0,43774.0,720.0,290.0,44494.0,1653.0,30592.0,28939.0,1830.0,34907.0,47653.0,24688.0,24685.0,34797.0,110.0,42073.0,1897.0,1491.0,43970.0,49483.0,3.0,18578.0,18263.0,618896.0,304575.0,46630.0,872.0,315.0,47502.0,32582.0,2956.0,2304.0,32480.0,30278.0,34237.0,31527.0,28347.0,4133.0,39089.0,2710.0,42045.0
Virginia,51,298651.0,285759.0,4227931.0,41501.0,338131.0,509042.0,467541.0,196430.0,195149.0,334782.0,3349.0,1281.0,510673.0,546508.0,482092.0,439451.0,71222.0,636626.0,37120.0,12892.0,673746.0,54054.0,385110.0,331056.0,46525.0,388335.0,510363.0,280725.0,278389.0,383354.0,4981.0,526284.0,61011.0,64416.0,587295.0,556888.0,2336.0,313122.0,299819.0,8197642.0,3969711.0,656522.0,40125.0,13303.0,696647.0,380970.0,63895.0,66182.0,481326.0,314788.0,507407.0,430684.0,386503.0,94823.0,482741.0,76723.0,546636.0
West Virginia,54,57598.0,56100.0,914693.0,8443.0,96383.0,127950.0,119507.0,56593.0,56556.0,96146.0,237.0,37.0,94413.0,109533.0,100572.0,85469.0,8944.0,131240.0,3986.0,1498.0,135226.0,7651.0,78439.0,70788.0,7672.0,104405.0,127816.0,78530.0,78467.0,104140.0,265.0,111179.0,9882.0,8961.0,121061.0,135488.0,63.0,60914.0,59321.0,1800270.0,885577.0,136481.0,4593.0,1593.0,141074.0,84071.0,11527.0,12281.0,92333.0,71790.0,107828.0,94604.0,76364.0,15969.0,106904.0,13224.0,118431.0
Washington,53,263958.0,257009.0,3622267.0,29361.0,307670.0,456697.0,427336.0,174149.0,173614.0,305310.0,2360.0,535.0,470042.0,469142.0,427753.0,422545.0,47497.0,558374.0,18871.0,6949.0,577245.0,32394.0,320271.0,287877.0,26950.0,337817.0,453689.0,233782.0,232747.0,335028.0,2789.0,436956.0,32415.0,41389.0,469371.0,480639.0,1035.0,280193.0,273080.0,7187395.0,3565128.0,580870.0,20329.0,7113.0,601199.0,330940.0,40175.0,47764.0,477385.0,283176.0,470292.0,411405.0,406342.0,71043.0,426428.0,58887.0,466603.0
Wisconsin,55,198489.0,191092.0,2882773.0,19810.0,252151.0,394346.0,374536.0,155897.0,155471.0,251148.0,1003.0,426.0,322235.0,342075.0,318399.0,294808.0,27427.0,452137.0,18842.0,7397.0,470979.0,23983.0,266923.0,242940.0,18843.0,269950.0,385792.0,219278.0,218865.0,268981.0,969.0,366634.0,21575.0,23676.0,388209.0,404635.0,413.0,206823.0,198974.0,5706206.0,2823433.0,473407.0,19423.0,7849.0,492830.0,273979.0,25921.0,33261.0,322915.0,240718.0,341919.0,307612.0,278616.0,44299.0,356652.0,34307.0,382573.0
Wyoming,56,22327.0,20663.0,281743.0,4436.0,26214.0,40268.0,35832.0,14670.0,14664.0,26088.0,126.0,6.0,34119.0,34070.0,29059.0,28241.0,5878.0,43951.0,3897.0,1664.0,47848.0,4440.0,25397.0,20957.0,3994.0,26158.0,35847.0,18387.0,18361.0,26001.0,157.0,28856.0,4740.0,5011.0,33596.0,39841.0,26.0,22465.0,20652.0,571923.0,290180.0,48584.0,3779.0,1813.0,52363.0,27834.0,5363.0,5623.0,35891.0,22211.0,36098.0,29919.0,28136.0,7755.0,29014.0,6179.0,34377.0
Puerto Rico,72,93725.0,91857.0,1767106.0,16275.0,161365.0,196260.0,179985.0,114454.0,113983.0,159910.0,1455.0,471.0,190825.0,222465.0,208413.0,176022.0,14803.0,257460.0,9109.0,1868.0,266569.0,10607.0,166032.0,155425.0,13901.0,196995.0,219578.0,160360.0,159461.0,195466.0,1529.0,221147.0,15509.0,14052.0,236656.0,233479.0,899.0,98772.0,96421.0,3361571.0,1594465.0,266925.0,9642.0,2351.0,276567.0,166593.0,21452.0,18118.0,176323.0,148475.0,197552.0,172094.0,144030.0,32293.0,185127.0,25458.0,206579.0
Alabama,01,171545.0,166730.0,2486008.0,27168.0,211057.0,301908.0,274740.0,122721.0,122422.0,209716.0,1341.0,299.0,285612.0,305934.0,261228.0,233484.0,52128.0,388063.0,13559.0,4815.0,401622.0,38861.0,227352.0,188491.0,29383.0,246729.0,305851.0,183379.0,182797.0,245810.0,919.0,289920.0,38681.0,44706.0,328601.0,335234.0,582.0,177658.0,172495.0,4785040.0,2299032.0,399813.0,15134.0,5163.0,414947.0,229881.0,41144.0,50533.0,260426.0,179348.0,277939.0,227920.0,197387.0,63039.0,261351.0,50019.0,302495.0
Alaska,02,32039.0,28933.0,349092.0,6651.0,27405.0,48456.0,41805.0,11122.0,11006.0,27071.0,334.0,116.0,48699.0,44158.0,37122.0,39703.0,8996.0,55783.0,6381.0,3106.0,62164.0,6713.0,33362.0,26649.0,6240.0,25590.0,39417.0,12976.0,12915.0,25148.0,442.0,37641.0,6806.0,7036.0,44447.0,45657.0,61.0,33074.0,29963.0,714106.0,365014.0,59880.0,7534.0,3111.0,67414.0,36103.0,8716.0,9550.0,49428.0,26553.0,44805.0,36209.0,36861.0,12567.0,38491.0,8596.0,47207.0
Arizona,04,256318.0,238377.0,3476309.0,39212.0,314123.0,387728.0,348516.0,214718.0,213529.0,310795.0,3328.0,1189.0,402787.0,421517.0,363046.0,345240.0,57547.0,539140.0,54927.0,17941.0,594067.0,53663.0,325186.0,271523.0,40517.0,355741.0,393307.0,262086.0,260202.0,351597.0,4144.0,372400.0,52383.0,58471.0,424783.0,433824.0,1884.0,265497.0,247627.0,6838270.0,3361961.0,558637.0,56951.0,17870.0,615588.0,337949.0,60055.0,69819.0,408324.0,268130.0,410593.0,338358.0,322154.0,86170.0,347386.0,72235.0,407441.0
Arkansas,05,111206.0,107219.0,1504568.0,14194.0,130766.0,178038.0,163844.0,80568.0,80302.0,130001.0,765.0,266.0,172268.0,183905.0,160229.0,146301.0,25967.0,239827.0,12497.0,3987.0,252324.0,19569.0,139744.0,120175.0,12812.0,149277.0,182342.0,110750.0,110422.0,148440.0,837.0,171829.0,18111.0,23676.0,189940.0,195154.0,328.0,116748.0,111567.0,2937135.0,1432567.0,251836.0,13110.0,5181.0,264946.0,140508.0,21862.0,28166.0,165218.0,112342.0,175203.0,145620.0,130695.0,34523.0,158710.0,29583.0,180572.0
California,06,1445628.0,1407471.0,19587272.0,177875.0,1408372.0,2229320.0,2051445.0,911340.0,904666.0,1387931.0,20441.0,6674.0,2545109.0,2570265.0,2279054.0,2246553.0,298556.0,3117142.0,137210.0,38157.0,3254352.0,216250.0,1898602.0,1682352.0,171691.0,1624692.0,2219527.0,1275645.0,1266215.0,1600287.0,24405.0,2328056.0,253705.0,291211.0,2581761.0,2391218.0,9430.0,1517004.0,1475684.0,38653948.0,19066676.0,3230682.0,143828.0,41320.0,3374510.0,1959227.0,296525.0,303871.0,2609898.0,1655356.0,2536205.0,2152212.0,2144873.0,465025.0,2224275.0,383993.0,2520800.0
Colorado,08,197421.0,190100.0,2729351.0,23866.0,215902.0,334776.0,310910.0,116519.0,115897.0,214167.0,1735.0,622.0,362880.0,362310.0,324928.0,322147.0,40733.0,429969.0,23141.0,7321.0,453110.0,26745.0,251843.0,225098.0,22704.0,236059.0,331345.0,156943.0,156044.0,233604.0,2455.0,324852.0,29884.0,37382.0,354736.0,354049.0,899.0,206774.0,199308.0,5439267.0,2709916.0,450064.0,24011.0,7466.0,474075.0,261859.0,35786.0,37600.0,377786.0,224259.0,370309.0,318547.0,310048.0,67738.0,316130.0,51762.0,351916.0
Connecticut,09,109033.0,105532.0,1815838.0,12104.0,149947.0,240596.0,228492.0,97189.0,96870.0,148849.0,1098.0,319.0,194147.0,217517.0,202189.0,176988.0,17159.0,275033.0,9315.0,3501.0,284348.0,12039.0,164958.0,152919.0,10423.0,173390.0,247576.0,146109.0,145401.0,171763.0,1627.0,253764.0,14573.0,15328.0,268337.0,257999.0,708.0,112840.0,109987.0,3530088.0,1714250.0,289144.0,9792.0,2853.0,298936.0,169379.0,18363.0,17534.0,191754.0,151845.0,203846.0,181332.0,164195.0,27559.0,231400.0,22514.0,249763.0
Delaware,10,32357.0,31334.0,485971.0,3356.0,45483.0,60093.0,56737.0,27626.0,27402.0,45150.0,333.0,224.0,55815.0,56413.0,52536.0,50371.0,5444.0,71186.0,3339.0,1023.0,74525.0,3330.0,42559.0,39229.0,3232.0,53232.0,65543.0,36768.0,36472.0,52907.0,325.0,61553.0,3974.0,3877.0,65527.0,68775.0,296.0,33011.0,31676.0,934743.0,448772.0,73482.0,2900.0,1335.0,76382.0,42226.0,4611.0,4596.0,52722.0,37630.0,51749.0,45626.0,44549.0,8173.0,54869.0,6123.0,59480.0
District of Columbia,11,25379.0,24939.0,357389.0,1392.0,19786.0,32288.0,30896.0,12195.0,12091.0,19655.0,131.0,104.0,74942.0,49814.0,48005.0,72206.0,2736.0,39608.0,769.0,440.0,40377.0,1845.0,45140.0,43295.0,1171.0,26257.0,35568.0,20899.0,20817.0,26022.0,235.0,36229.0,1613.0,1809.0,37842.0,36739.0,82.0,26457.0,26012.0,674258.0,316869.0,38410.0,1095.0,445.0,39505.0,35758.0,2524.0,2510.0,65547.0,33248.0,47693.0,44254.0,60799.0,4748.0,35116.0,3439.0,37640.0
Florida,12,653247.0,616562.0,10450241.0,170922.0,1031266.0,1262403.0,1091481.0,773830.0,767751.0,1016154.0,15112.0,6079.0,1162683.0,1250652.0,1020856.0,919903.0,242780.0,1370129.0,125634.0,36685.0,1495763.0,184712.0,873586.0,688874.0,192058.0,1197705.0,1235985.0,993329.0,983935.0,1176712.0,20993.0,1160585.0,234648.0,229796.0,1395233.0,1428043.0,9394.0,681750.0,644249.0,20288268.0,9838027.0,1424667.0,135578.0,37501.0,1560245.0,885246.0,254737.0,229857.0,1138155.0,655389.0,1188553.0,903501.0,805180.0,332975.0,1061842.0,285052.0,1316579.0
Georgia,13,385060.0,361161.0,5247993.0,70585.0,376738.0,575441.0,504856.0,199747.0,198627.0,372883.0,3855.0,1120.0,638569.0,704505.0,572717.0,497654.0,140915.0,843613.0,72434.0,23899.0,916047.0,106019.0,490063.0,384044.0,78149.0,449009.0,568631.0,297083.0,294845.0,444867.0,4142.0,612877.0,108000.0,131788.0,720877.0,646780.0,2238.0,402692.0,378881.0,10109427.0,4861434.0,869082.0,75920.0,23811.0,945002.0,477119.0,109491.0,122781.0,585347.0,354338.0,633826.0,489829.0,414950.0,170397.0,556031.0,143997.0,665522.0
Idaho,16,67556.0,64306.0,836739.0,11445.0,74433.0,100476.0,89031.0,43846.0,43684.0,74178.0,255.0,162.0,96369.0,102956.0,86666.0,78357.0,18012.0,149484.0,9977.0,3250.0,159461.0,12776.0,75004.0,62228.0,12092.0,78013.0,93195.0,53378.0,53190.0,77639.0,374.0,84640.0,14075.0,16290.0,98715.0,105287.0,188.0,70072.0,67054.0,1666375.0,829636.0,156014.0,10479.0,3018.0,166493.0,79006.0,15498.0,16291.0,94907.0,62715.0,102300.0,84257.0,73385.0,21522.0,82605.0,18043.0,98103.0
Hawaii,15,52450.0,51343.0,699252.0,4448.0,66987.0,88767.0,84319.0,42643.0,42435.0,66536.0,451.0,208.0,85996.0,86260.0,82697.0,81407.0,4589.0,101358.0,2891.0,1107.0,104249.0,4086.0,57780.0,53694.0,3710.0,71217.0,89008.0,60717.0,60504.0,70696.0,521.0,84048.0,3817.0,3563.0,87865.0,92718.0,213.0,55248.0,54336.0,1370508.0,671256.0,106702.0,2755.0,912.0,109457.0,57410.0,4693.0,5280.0,82080.0,52130.0,83044.0,78416.0,74328.0,7752.0,80927.0,4628.0,85620.0
Illinois,17,454954.0,444770.0,6464880.0,54438.0,493433.0,787989.0,733551.0,306424.0,304691.0,487958.0,5475.0,1733.0,785475.0,825350.0,741068.0,704610.0,80865.0,1028442.0,35420.0,10184.0,1063862.0,63013.0,598709.0,535696.0,54418.0,570853.0,790565.0,459273.0,456486.0,563773.0,7080.0,792790.0,68631.0,84282.0,861421.0,844983.0,2787.0,476076.0,464414.0,12643207.0,6178327.0,1063055.0,38096.0,11662.0,1101151.0,600909.0,82588.0,88969.0,780317.0,511940.0,804546.0,694695.0,651197.0,129120.0,744894.0,109851.0,827482.0
Indiana,18,245818.0,230557.0,3331338.0,32701.0,267073.0,413605.0,380904.0,157747.0,157237.0,265028.0,2045.0,510.0,379208.0,409849.0,361102.0,323456.0,55752.0,529479.0,39190.0,15261.0,568669.0,41792.0,319705.0,277913.0,32106.0,302758.0,407057.0,232577.0,231802.0,300944.0,1814.0,391548.0,42043.0,48747.0,433591.0,439163.0,775.0,256451.0,240780.0,6538540.0,3207202.0,556463.0,39569.0,15671.0,596032.0,329314.0,46306.0,53067.0,368363.0,276247.0,396825.0,338915.0,297079.0,71284.0,375486.0,57910.0,421792.0
Iowa,19,116973.0,113617.0,1558668.0,8987.0,132180.0,203232.0,194245.0,87714.0,87599.0,131738.0,442.0,115.0,172897.0,182374.0,170530.0,159565.0,13332.0,254192.0,7768.0,3356.0,261960.0,11165.0,152451.0,141286.0,7823.0,143582.0,200089.0,126629.0,126404.0,143153.0,429.0,183728.0,10162.0,11844.0,193890.0,207912.0,225.0,121151.0,117371.0,3088842.0,1530174.0,264488.0,8832.0,3780.0,273320.0,158301.0,12328.0,15725.0,177005.0,142576.0,185040.0,168800.0,157089.0,19916.0,179903.0,16240.0,192231.0
Kansas,20,115053.0,110306.0,1442328.0,14634.0,115447.0,179110.0,164476.0,73255.0,73043.0,114835.0,612.0,212.0,166633.0,172146.0,149752.0,142434.0,24199.0,240400.0,14234.0,4747.0,254634.0,20213.0,139093.0,118880.0,14857.0,125943.0,172838.0,104512.0,104238.0,125195.0,748.0,158208.0,18411.0,22394.0,176619.0,187695.0,274.0,119758.0,114304.0,2849329.0,1407001.0,251217.0,14487.0,5454.0,265704.0,146021.0,19482.0,25322.0,165256.0,120699.0,169835.0,144295.0,134564.0,30692.0,153133.0,25540.0,172615.0
Kentucky,21,158817.0,153222.0,2228557.0,14422.0,189729.0,280531.0,266109.0,107261.0,106968.0,189178.0,551.0,293.0,252288.0,275596.0,254540.0,228076.0,24212.0,349310.0,14437.0,5595.0,363747.0,17129.0,203360.0,186231.0,13258.0,216098.0,290030.0,155813.0,155452.0,215334.0,764.0,281505.0,18045.0,21056.0,299550.0,303288.0,361.0,169692.0,163795.0,4357195.0,2128638.0,362530.0,15198.0,5897.0,377728.0,209303.0,22220.0,27241.0,244269.0,182062.0,264015.0,235277.0,208270.0,35999.0,263890.0,28738.0,286110.0
Louisiana,22,180768.0,174342.0,2361662.0,28445.0,183434.0,279952.0,251507.0,104475.0,104124.0,182402.0,1032.0,351.0,297731.0,289221.0,245992.0,248030.0,49701.0,376070.0,15572.0,6426.0,391642.0,36614.0,223916.0,187302.0,29977.0,212792.0,280292.0,154969.0,154424.0,211543.0,1249.0,260879.0,39475.0,43229.0,300354.0,310269.0,545.0,188454.0,182543.0,4559274.0,2197612.0,387723.0,17266.0,5911.0,404989.0,218485.0,41923.0,51361.0,275593.0,167124.0,267821.0,215574.0,209805.0,65788.0,232486.0,52247.0,274409.0
Maine,23,37589.0,35843.0,674251.0,8422.0,72691.0,100636.0,92214.0,41797.0,41753.0,72479.0,212.0,44.0,69860.0,77435.0,70093.0,60450.0,9410.0,89253.0,5483.0,1746.0,94736.0,6618.0,52829.0,46211.0,8800.0,78426.0,99176.0,58554.0,58524.0,78295.0,131.0,87618.0,9228.0,7342.0,96846.0,107976.0,30.0,40319.0,38117.0,1317634.0,643383.0,93123.0,5658.0,2202.0,98781.0,54295.0,10975.0,8442.0,68294.0,45853.0,73854.0,62520.0,54730.0,13564.0,81741.0,11334.0,92716.0
Maryland,24,215779.0,209679.0,3065959.0,20386.0,231062.0,371207.0,350821.0,138931.0,137920.0,228830.0,2232.0,1011.0,371254.0,391529.0,359458.0,334470.0,36784.0,462212.0,18334.0,6100.0,480546.0,23681.0,268102.0,244421.0,19083.0,275949.0,396579.0,205858.0,204077.0,272274.0,3675.0,415519.0,25761.0,32071.0,441280.0,415662.0,1781.0,222908.0,215729.0,5907173.0,2841214.0,482106.0,18975.0,7179.0,501081.0,267130.0,33078.0,32616.0,348542.0,234514.0,359041.0,313218.0,294982.0,53560.0,368234.0,45823.0,401312.0
Massachusetts,25,213335.0,210728.0,3486128.0,11756.0,279010.0,435461.0,423705.0,173946.0,173478.0,277787.0,1223.0,468.0,429623.0,425389.0,413761.0,414738.0,14885.0,507471.0,6906.0,2607.0,514377.0,12722.0,349632.0,336910.0,10902.0,325416.0,463184.0,263249.0,262733.0,323731.0,1685.0,478489.0,12532.0,11628.0,491021.0,474086.0,516.0,221064.0,218188.0,6756015.0,3269887.0,525950.0,7566.0,2876.0,533516.0,346853.0,17798.0,19942.0,418705.0,326911.0,401907.0,381409.0,385745.0,32960.0,441627.0,20498.0,459425.0
Michigan,26,334333.0,325366.0,5024083.0,36382.0,440095.0,667408.0,631026.0,266951.0,266429.0,438053.0,2042.0,522.0,549693.0,588010.0,545419.0,499360.0,50333.0,778578.0,27554.0,8967.0,806132.0,42761.0,478419.0,435658.0,35466.0,493605.0,677239.0,381473.0,380645.0,491500.0,2105.0,636028.0,43685.0,42591.0,679713.0,712705.0,828.0,352053.0,341113.0,9847464.0,4823381.0,809262.0,29771.0,10940.0,839033.0,495576.0,54060.0,63110.0,542277.0,432466.0,567388.0,505148.0,458590.0,83687.0,598540.0,62240.0,652600.0
